source,target
toshie-2,toshie
yunique-2,yunique
aagra-2,aagra
aakanchhya-2,aakanchhya
aanvi-2,aanvi
aarjav-2,aarjav
aarshi-2,aarshi
aashir-2,aashir
aasinya-2,aasinya
aathura-2,aathura
aavin-2,aavin
aayla-2,aayla
abbigael-2,abbigael
abdelra-2,abdelra
abeera-2,abeera
abhimita-2,abhimita
abira-2,abira
abree-2,abree
abryanna-2,abryanna
acelynn-2,acelynn
achalisa-2,achalisa
achante-2,achante
achillies-2,achillies
acquetakey-2,acquetakey
adalet-2,adalet
adaliz-2,adaliz
adamary-2,adamary
adashia-2,adashia
addington-2,addington
addira-2,addira
addison-2,addison
adeli-2,adeli
adhvitya-2,adhvitya
adillya-2,adillya
adirah-2,adirah
adluna-2,adluna
adouley-2,adouley
adriene-2,adriene
adrimna-2,adrimna
adriyana-2,adriyana
advaita-2,advaita
adwelle-2,adwelle
aecelle-2,aecelle
aedelle-2,aedelle
aeliena-2,aeliena
aerayonna-2,aerayonna
aesora-2,aesora
afira-2,afira
afsaneh-2,afsaneh
agaliya-2,agaliya
agastya-2,agastya
agita-2,agita
ahlani-2,ahlani
ahleya-2,ahleya
ahmod-2,ahmod
ahna-2,ahna
ahterra-2,ahterra
aianara-2,aianara
aibhlinn-2,aibhlinn
aidrianna-2,aidrianna
aiham-2,aiham
ailyana-2,ailyana
aipie-2,aipie
airalyn-2,airalyn
aireonna-2,aireonna
aishakina-2,aishakina
aishi-2,aishi
aison-2,aison
aiviora-2,aiviora
ajajak-2,ajajak
ajayna-2,ajayna
akaliah-2,akaliah
akashitara-2,akashitara
aki-2,aki
alahya-2,alahya
alana-2,alana
alazae-2,alazae
aldean-2,aldean
alecdora-2,alecdora
aleese-2,aleese
aleighna-2,aleighna
aleithia-2,aleithia
alejandra-2,alejandra
alejandrina-2,alejandrina
alenah-2,alenah
alermiah-2,alermiah
alesila-2,alesila
aletheia-2,aletheia
alexsa-2,alexsa
alfonza-2,alfonza
alijana-2,alijana
alikai-2,alikai
alimaisuya-2,alimaisuya
alithia-2,alithia
alitzel-2,alitzel
aliya-3,aliya
aliz-4,aliz
aljamaliah-2,aljamaliah
allaynna-2,allaynna
alleyah-2,alleyah
alliemae-2,alliemae
allyanna-2,allyanna
almindarina-2,almindarina
alonia-2,alonia
alrhianna-2,alrhianna
altheina-2,altheina
aluriana-2,aluriana
alvdis-2,alvdis
alynie-2,alynie
alyssie-2,alyssie
alyxa-2,alyxa
alyziana-2,alyziana
alyzza-2,alyzza
amaani-2,amaani
amali-2,amali
amanah-2,amanah
amatheila-2,amatheila
amaya-2,amaya
amber-2,amber
amberly-2,amberly
ambiora-2,ambiora
ameliana-2,ameliana
amelie-4,amelie
amengadzie-2,amengadzie
ameria-2,ameria
ameyalli-2,ameyalli
amirion-2,amirion
ammie-2,ammie
amorra-2,amorra
amren-2,amren
amy-4,amy
analeigh-2,analeigh
anarii-2,anarii
anasthasya-2,anasthasya
anatolevna-2,anatolevna
anaya-3,anaya
ancia-2,ancia
ancuta-2,ancuta
andira-2,andira
andrine-2,andrine
anglia-2,anglia
anique-2,anique
anistyn-2,anistyn
annarose-2,annarose
annastasia-2,annastasia
annelle-2,annelle
annetiana-2,annetiana
annmarie-2,annmarie
anreena-2,anreena
anshudhara-2,anshudhara
anteria-2,anteria
antonette-2,antonette
anusriya-2,anusriya
aqena-2,aqena
arastra-2,arastra
arbnora-2,arbnora
archira-2,archira
arebena-2,arebena
argyro-2,argyro
aria-3,aria
arianny-2,arianny
arju-fajana-2,arju-fajana
arleen-2,arleen
armetta-2,armetta
arsrinila-2,arsrinila
arteeyona-2,arteeyona
aruba-2,aruba
arya-2,arya
asami-2,asami
asbina-2,asbina
asegna-2,asegna
asencion-2,asencion
asenet-2,asenet
ashfeeya-2,ashfeeya
ashfira-2,ashfira
ashlynn-2,ashlynn
ashtalie-2,ashtalie
ashtra-2,ashtra
asja-2,asja
asmita-2,asmita
assie-2,assie
assonya-2,assonya
asterellie-2,asterellie
astraea-2,astraea
atakltie-2,atakltie
atchfalaya-2,atchfalaya
athmiya-2,athmiya
aubrei-2,aubrei
aubreyana-2,aubreyana
aubreyella-2,aubreyella
aubryella-2,aubryella
audhora-2,audhora
audrey-2,audrey
audualyn-2,audualyn
avaeya-2,avaeya
avalee-2,avalee
avaleigh-2,avaleigh
avalyse-2,avalyse
avelynn-2,avelynn
avigayil-3,avigayil
avilee-2,avilee
avilyn-2,avilyn
avina-2,avina
aviona-2,aviona
avishi-2,avishi
aviva-3,aviva
aviviella-2,aviviella
aviya-2,aviya
axelley-2,axelley
ayak-2,ayak
ayalah-2,ayalah
ayan-2,ayan
ayanganna-2,ayanganna
ayano-2,ayano
aybel-2,aybel
ayliana-2,ayliana
ayra-2,ayra
ayres-2,ayres
ayris-2,ayris
ayvion-2,ayvion
azalie-2,azalie
azalya-2,azalya
azaya-2,azaya
azaylea-2,azaylea
azeneth-2,azeneth
azitra-2,azitra
azkiyya-2,azkiyya
azra-2,azra
azuane-2,azuane
badatana-2,badatana
baiba-2,baiba
bailynn-2,bailynn
bajczie-2,bajczie
bakankana-2,bakankana
balgiisa-2,balgiisa
balvenie-2,balvenie
banchie-2,banchie
banjamin-2,banjamin
baranirathna-2,baranirathna
basmala-2,basmala
basra-2,basra
bathrisya-2,bathrisya
batsheva-2,batsheva
baxton-2,baxton
bayli-2,bayli
baylin-2,baylin
beanana-2,beanana
belladonna-2,belladonna
bellaluna-2,bellaluna
bengi-2,bengi
beng-2,beng
benjimin-2,benjimin
berniece-2,berniece
bernyce-2,bernyce
berthna-2,berthna
betania-3,betania
bethanie-2,bethanie
betronella-2,betronella
bhaiolina-2,bhaiolina
bhakya-2,bhakya
batrix-2,batrix
bibiana-3,bibiana
bibisara-2,bibisara
blakelynn-2,blakelynn
bohemiana-2,bohemiana
bosco-2,bosco
brainilyn-2,brainilyn
branston-2,branston
braya-2,braya
brayner-2,brayner
brayten-2,brayten
brealyn-2,brealyn
brecken-2,brecken
breindy-2,breindy
brendalyn-2,brendalyn
brenlei-2,brenlei
brienarey-2,brienarey
brina-2,brina
brindawatie-2,brindawatie
brinn-2,brinn
britta-2,britta
brunella-2,brunella
brylie-2,brylie
budhiya-2,budhiya
bunia-2,bunia
burnice-2,burnice
byigura-2,byigura
cabella-2,cabella
caia-2,caia
cailani-2,cailani
caiya-2,caiya
cala-2,cala
calylyn-2,calylyn
camilia-2,camilia
cantelyna-2,cantelyna
carleigh-2,carleigh
carmita-2,carmita
carteanna-2,carteanna
caselyn-2,caselyn
casina-2,casina
caspin-2,caspin
cassiopia-2,cassiopia
cathay-2,cathay
caylani-2,caylani
caytlin-2,caytlin
cecotie-2,cecotie
cela-2,cela
cesia-2,cesia
chadriana-2,chadriana
chalisa-2,chalisa
chalyce-2,chalyce
chamethya-2,chamethya
chamiodhya-2,chamiodhya
chamundaya-2,chamundaya
chandi-2,chandi
chandradithya-2,chandradithya
chandriella-2,chandriella
chanele-2,chanele
chanthariya-2,chanthariya
chany-3,chany
chara-2,chara
charadeshna-2,charadeshna
charisma-2,charisma
charito-2,charito
charlierose-2,charlierose
charlynn-2,charlynn
chashina-2,chashina
chassidy-2,chassidy
chavakiah-2,chavakiah
chaveendra-2,chaveendra
chaye-2,chaye
chelicera-2,chelicera
chelsearitchie-2,chelsearitchie
chelynne-2,chelynne
chenda-2,chenda
cherasaya-2,cherasaya
cherita-2,cherita
cheyenna-2,cheyenna
chikamso-2,chikamso
chikya-2,chikya
chinaniana-2,chinaniana
chinkara-2,chinkara
chinmayi-2,chinmayi
chinmya-2,chinmya
christeera-2,christeera
ciarrah-2,ciarrah
cilla-2,cilla
claribel-2,claribel
claudean-2,claudean
clorice-2,clorice
cokkie-2,cokkie
coletane-2,coletane
collette-2,collette
collyns-2,collyns
concepcio-2,concepcio
consiglia-2,consiglia
constantina-2,constantina
copalyn-2,copalyn
corion-2,corion
cornelia-3,cornelia
crassala-2,crassala
cresencia-2,cresencia
cuggie-2,cuggie
cyaana-2,cyaana
cyniah-2,cyniah
cyniyah-2,cyniyah
cyson-2,cyson
czena-2,czena
daasya-2,daasya
daawinstina-2,daawinstina
dagim-2,dagim
dahab-2,dahab
dahlia-3,dahlia
dahlila-2,dahlila
daje-2,daje
dajiana-2,dajiana
dakai-2,dakai
daklyn-2,daklyn
dalarie-2,dalarie
dalaya-2,dalaya
daleysha-2,daleysha
dalhousey-2,dalhousey
daliah-2,daliah
dalis-2,dalis
damabiah-2,damabiah
danisha-2,danisha
dannae-2,dannae
dannely-2,dannely
darbee-2,darbee
dareon-2,dareon
dariah-2,dariah
darpina-2,darpina
dasheya-2,dasheya
dasogra-2,dasogra
datuwara-2,datuwara
davida-2,davida
davinah-2,davinah
davine-2,davine
daxtin-2,daxtin
dayana-2,dayana
dayla-2,dayla
deaire-2,deaire
deajana-2,deajana
dearia-2,dearia
debangshi-2,debangshi
deedee-3,deedee
deira-2,deira
dekhari-2,dekhari
delmiya-2,delmiya
deloma-2,deloma
delphene-2,delphene
demaria-2,demaria
demitra-2,demitra
denai-2,denai
denasia-2,denasia
deondra-2,deondra
deprisa-2,deprisa
derinda-2,derinda
deshita-2,deshita
deshuna-2,deshuna
destinae-2,destinae
destini-2,destini
deushara-2,deushara
deviyanna-2,deviyanna
dewell-2,dewell
deyla-2,deyla
dezirae-2,dezirae
deziyah-2,deziyah
dezmon-2,dezmon
dharmshila-2,dharmshila
dhorey-2,dhorey
dhveera-2,dhveera
dibiya-2,dibiya
dilnura-2,dilnura
dinelya-2,dinelya
disethna-2,disethna
dmario-2,dmario
dondisana-2,dondisana
dorthay-2,dorthay
dratera-2,dratera
dream-2,dream
driptisa-2,driptisa
drisabelle-2,drisabelle
duwan-2,duwan
duward-2,duward
dyaire-2,dyaire
dyakala-2,dyakala
dyesie-2,dyesie
dylanne-2,dylanne
dyshaira-2,dyshaira
dzvina-2,dzvina
eadie-2,eadie
earlyne-2,earlyne
edina-2,edina
edrina-2,edrina
eekstela-2,eekstela
egaya-2,egaya
eiley-2,eiley
eiliyah-2,eiliyah
eira-2-2,eira-2
eiva-2,eiva
eiyra-2,eiyra
ekatrina-2,ekatrina
ela-2-2,ela-2
elaheh-2,elaheh
elanora-2,elanora
eleanor-2,eleanor
elenia-2,elenia
elese-2,elese
elester-2,elester
elianny-2,elianny
elidi-2,elidi
eliona-2,eliona
elisabella-2,elisabella
elitha-2,elitha
eliyahna-2,eliyahna
ella-5,ella
elle-3,elle
elleen-2,elleen
ellexandra-2,ellexandra
ellierose-2,ellierose
elsiana-2,elsiana
eluckya-2,eluckya
elwillie-2,elwillie
elynor-2,elynor
elysie-2,elysie
emalia-2,emalia
emara-2,emara
embrie-2,embrie
emelina-5,emelina
emerlyn-2,emerlyn
emhenya-2,emhenya
emiko-2,emiko
emmajean-2,emmajean
emmalee-2,emmalee
emmily-2,emmily
emmogene-2,emmogene
emontianna-2,emontianna
enchantra-2,enchantra
enditya-2,enditya
endya-2,endya
enika-2,enika
enkthuya-2,enkthuya
enora-3,enora
eplida-2,eplida
equra-2,equra
ercilia-3,ercilia
erica-4,erica
esabella-2,esabella
esha-2,esha
eshara-2,eshara
esmerelda-2,esmerelda
estelene-2,estelene
estelle-2,estelle
estelle-3,estelle
esty-3,esty
ethila-2,ethila
etsey-2,etsey
eudaina-2,eudaina
euel-2,euel
eular-2,eular
eun-mi-2,eun-mi
eureceqna-2,eureceqna
eurecina-2,eurecina
evadean-2,evadean
evalisa-2,evalisa
evangelyn-2,evangelyn
evania-3,evania
evanny-2,evanny
evany-2,evany
evelisse-2,evelisse
evenira-2,evenira
evgenya-2,evgenya
evy-2,evy
experana-2,experana
ezekielle-2,ezekielle
ezreal-2,ezreal
faith-3,faith
fallou-2,fallou
fallynn-2,fallynn
fanna-2,fanna
faubelle-2,faubelle
felixandrie-2,felixandrie
ferryn-2,ferryn
fey-2,fey
feyaora-2,feyaora
finleigh-2,finleigh
finoziya-2,finoziya
fiorella-2,fiorella
franchesca-2,franchesca
franydra-2,franydra
freedom-2,freedom
fynleigh-2,fynleigh
gaarvita-2,gaarvita
gadhdara-2,gadhdara
gaelira-2,gaelira
garnagie-2,garnagie
gaylyn-2,gaylyn
gaytha-2,gaytha
genae-2,genae
genevie-2,genevie
genva-2,genva
gerlynna-2,gerlynna
gerrod-2,gerrod
giavonna-2,giavonna
gifteena-2,gifteena
ginger-2,ginger
gingzie-2,gingzie
gishana-2,gishana
gooey-2,gooey
goreala-2,goreala
greenara-2,greenara
greolyn-2,greolyn
grungey-2,grungey
guilianna-2,guilianna
gundaiya-2,gundaiya
gunmaya-2,gunmaya
gurfateh-2,gurfateh
guruvandana-2,guruvandana
gwenette-2,gwenette
gwynneth-2,gwynneth
gyeandra-2,gyeandra
gygyanna-2,gygyanna
gytane-2,gytane
hairla-2,hairla
haiyla-2,haiyla
hali-2,hali
hamer-2,hamer
hamse-2,hamse
hanemie-2,hanemie
hannanya-2,hannanya
haridya-2,haridya
harishakshaya-2,harishakshaya
harpreet-kaur-2,harpreet-kaur
hasanya-2,hasanya
hasset-2,hasset
hasssane-2,hasssane
hattie-2,hattie
havisha-2,havisha
hazelbane-2,hazelbane
hazyn-2,hazyn
heatherie-2,heatherie
hehzeena-2,hehzeena
hendryx-2,hendryx
herora-2,herora
hershal-2,hershal
heylen-2,heylen
hingevala-2,hingevala
hithya-2,hithya
hiyan-2,hiyan
homulla-2,homulla
honestii-2,honestii
hooria-2,hooria
horoya-2,horoya
hriti-2,hriti
hudsen-2,hudsen
hula-2,hula
humane-2,humane
ivor-2,ivor
icelynn-2,icelynn
idamae-2,idamae
idra-2,idra
idusara-2,idusara
ilhana-2,ilhana
iljandra-2,iljandra
illa-2,illa
imaya-2,imaya
inanna-2,inanna
inbalaya-2,inbalaya
indee-2,indee
indrakheela-2,indrakheela
ineeya-2,ineeya
inger-2,inger
iniyan-2,iniyan
insiya-2,insiya
inyra-2,inyra
irfaana-2,irfaana
irihanna-2,irihanna
iszabella-2,iszabella
iula-2,iula
ivanka-2,ivanka
ivena-2,ivena
ivyyana-2,ivyyana
iyahna-2,iyahna
iylarynna-2,iylarynna
izack-2,izack
izola-2,izola
jaen-2,jaen
jafreena-2,jafreena
jahsie-2,jahsie
jahvier-2,jahvier
jaileen-2,jaileen
jaizen-2,jaizen
jalahna-2,jalahna
jaleena-2,jaleena
jalyssa-2,jalyssa
jamicheal-2,jamicheal
jamillah-2,jamillah
jamiracle-2,jamiracle
janara-2,janara
janelle-2,janelle
japhiya-2,japhiya
jaray-2,jaray
jarielys-2,jarielys
jasmine-marie-2,jasmine-marie
jasslyn-2,jasslyn
jathurshana-2,jathurshana
jatniel-2,jatniel
jaunara-2,jaunara
javonnie-2,javonnie
jaylyn-2,jaylyn
jaythya-2,jaythya
jayvalya-2,jayvalya
jazelyn-2,jazelyn
jazlin-2,jazlin
jealey-2,jealey
jeannna-2,jeannna
jeilyn-2,jeilyn
jelessa-2,jelessa
jenika-2,jenika
jenistela-2,jenistela
jericha-2,jericha
jerjane-2,jerjane
jermany-2,jermany
jeromilla-2,jeromilla
jeshwita-2,jeshwita
jesmailyn-2,jesmailyn
jesslyn-2,jesslyn
jeyanna-2,jeyanna
jezelle-2,jezelle
jhoan-2,jhoan
jisha-2,jisha
jitanshie-2,jitanshie
jithita-2,jithita
jiyyanna-2,jiyyanna
jmya-3,jmya
jodi-2,jodi
joeremmie-2,joeremmie
johniel-2,johniel
jokebed-2,jokebed
jokey-2,jokey
jollene-2,jollene
josadira-2,josadira
josiana-2,josiana
josina-2,josina
juhi-2,juhi
juleon-2,juleon
juliany-2,juliany
julieanne-2,julieanne
julis-2,julis
justis-2,justis
justlie-2,justlie
juvishna-2,juvishna
kadeera-2,kadeera
kadiatu-2,kadiatu
kahliyah-2,kahliyah
kahtuna-2,kahtuna
kaimani-2,kaimani
kakelina-2,kakelina
kalecia-2,kalecia
kali-2,kali
kalianne-2,kalianne
kalise-2,kalise
kalmin-2,kalmin
kamaron-2,kamaron
kambria-2,kambria
kamdella-2,kamdella
kamirah-2,kamirah
kammi-2,kammi
karen-3-2,karen-3
karliah-2,karliah
karmecianna-2,karmecianna
kasrina-2,kasrina
katalena-2,katalena
kataleyah-2,kataleyah
katazina-2,katazina
kathanya-2,kathanya
katharina-2,katharina
kathleen-2,kathleen
kathyela-2,kathyela
katinna-2,katinna
katisha-2,katisha
katti-2,katti
kauriella-2,kauriella
kavaughna-2,kavaughna
kavya-2,kavya
kaydrena-2,kaydrena
kayeson-2,kayeson
kayla-3,kayla
kaylanie-2,kaylanie
kayleigh-2,kayleigh
kaylise-2,kaylise
kayserie-2,kayserie
kaytlyn-2,kaytlyn
kayveon-2,kayveon
keagen-2,keagen
keileigh-2,keileigh
kejiya-2,kejiya
kelbi-2,kelbi
kemaria-2,kemaria
kennadee-2,kennadee
kennedee-2,kennedee
kenner-2,kenner
kenslei-2,kenslei
keori-2,keori
kerena-2,kerena
kesley-2,kesley
keson-2,keson
ketsia-2,ketsia
keyla-3,keyla
keyra-2,keyra
keziyah-2,keziyah
khadasiah-2,khadasiah
khade-2,khade
khamarie-2,khamarie
khaviana-2,khaviana
khianna-2,khianna
khidara-2,khidara
khloee-2,khloee
khulula-2,khulula
khumudra-2,khumudra
khwena-2,khwena
khylin-2,khylin
kiertie-2,kiertie
kimberly-2,kimberly
kimillie-2,kimillie
kindura-2,kindura
kingsten-2,kingsten
kiomi-2,kiomi
kionia-2,kionia
kirey-2,kirey
kitai-2,kitai
kiyomi-2,kiyomi
kleopatra-4,kleopatra
knicole-2,knicole
komarya-2,komarya
konstancja-2,konstancja
koraena-2,koraena
korelena-2,korelena
kortnie-2,kortnie
krissia-2,krissia
kriya-2,kriya
krupaya-2,krupaya
kuhumelela-2,kuhumelela
kuiara-2,kuiara
kuiper-2,kuiper
kulenthira-2,kulenthira
kulikaraya-2,kulikaraya
kumbela-2,kumbela
kunakunina-2,kunakunina
kusvirana-2,kusvirana
kyalina-2,kyalina
kyelynn-2,kyelynn
kynadi-2,kynadi
kyndallyn-2,kyndallyn
kynslie-2,kynslie
kysha-2,kysha
kyung-sook-2,kyung-sook
lacksya-2,lacksya
lade-2,lade
ladonya-2,ladonya
laileena-2,laileena
lainee-2,lainee
laithan-2,laithan
laiyana-2,laiyana
lakkshana-2,lakkshana
lalibela-2,lalibela
lana-3,lana
landri-2,landri
laney-2,laney
lanna-2,lanna
lasairfhiona-2,lasairfhiona
latalya-2,latalya
latarsha-2,latarsha
latatra-2,latatra
latuila-2,latuila
laulena-2,laulena
laurrie-2,laurrie
lavarius-2,lavarius
lavaughnna-2,lavaughnna
laveda-2,laveda
lavnakara-2,lavnakara
lawsyn-2,lawsyn
layni-2,layni
layonna-2,layonna
laysha-2,laysha
leadie-2,leadie
leakhana-2,leakhana
leaster-2,leaster
ledorie-2,ledorie
lefula-2,lefula
legen-2,legen
leimokihana-2,leimokihana
lelona-2,lelona
lemisa-2,lemisa
lengkara-2,lengkara
lenielle-2,lenielle
lennis-2,lennis
leory-2,leory
lera-2,lera
leshona-2,leshona
leva-2,leva
levura-2,levura
leyara-2,leyara
leyonna-2,leyonna
leyora-2,leyora
luboslava-2,luboslava
libna-2,libna
libya-2,libya
likinya-2,likinya
lilita-2,lilita
lillyauna-2,lillyauna
limya-2,limya
linda-3,linda
lionardo-2,lionardo
lisandra-2,lisandra
liseth-2,liseth
livia-2-2,livia-2
liviksha-2,liviksha
lizwaney-2,lizwaney
llewyn-2,llewyn
locelyn-2,locelyn
lokaaditya-2,lokaaditya
lore-3,lore
loresa-2,loresa
loreta-2,loreta
lorlie-2,lorlie
lotus-2,lotus
lotzie-2,lotzie
lowen-2,lowen
luann-3,luann
lucelia-2,lucelia
lucrezia-2,lucrezia
lucula-2,lucula
ludjane-2,ludjane
lugene-2,lugene
luli-2,luli
luwana-2,luwana
luxsiga-2,luxsiga
luxuriana-2,luxuriana
luydmyla-2,luydmyla
lyanna-2,lyanna
lyira-2,lyira
lyllie-2,lyllie
lyndi-2,lyndi
lynora-2,lynora
macalister-2,macalister
mackaelyn-2,mackaelyn
mackaya-2,mackaya
mackenzie-2,mackenzie
macrae-2,macrae
madelin-2,madelin
madonnina-2,madonnina
maedean-2,maedean
maeleigh-2,maeleigh
maelrie-2,maelrie
maeshya-2,maeshya
magda-2,magda
maghfira-2,maghfira
magura-2,magura
mahilan-2,mahilan
mahima-2,mahima
mailyn-2,mailyn
maisie-2,maisie
maisy-2,maisy
makson-2,makson
makyiah-2,makyiah
malissa-2,malissa
malley-2,malley
maple-2,maple
maraiya-2,maraiya
marceline-3,marceline
mariajose-2,mariajose
mariene-2,mariene
maritha-2,maritha
marlen-2-2,marlen-2
marletha-2,marletha
marlie-2,marlie
marny-2,marny
marshun-2,marshun
maryelle-2,maryelle
maryem-2,maryem
maryna-2,maryna
masaniah-2,masaniah
masih-2,masih
masingita-2,masingita
matayo-2,matayo
matsievskaya-2,matsievskaya
mawa-2,mawa
maycee-2,maycee
mayco-2,mayco
mayyenna-2,mayyenna
mbalie-2,mbalie
mcjhogie-2,mcjhogie
mckayla-3,mckayla
mckynlee-2,mckynlee
mclain-2,mclain
mclevey-2,mclevey
meilah-2,meilah
melanzona-2,melanzona
melat-2,melat
melilina-2,melilina
melly-2,melly
melora-2,melora
merahila-2,merahila
meron-2,meron
mersana-2,mersana
meteora-2,meteora
meyson-2,meyson
mhikaya-2,mhikaya
miamerie-2,miamerie
micylla-2,micylla
mienkie-2,mienkie
miila-2,miila
mikhiana-2,mikhiana
milanee-2,milanee
miniyora-2,miniyora
min-jeong-2,min-jeong
mi-ok-2,mi-ok
mirel-2,mirel
miriel-4,miriel
miski-4,miski
mithura-2,mithura
miykayla-2,miykayla
miyuna-2,miyuna
mizhira-2,mizhira
mkisa-2,mkisa
mnarjdvna-2,mnarjdvna
mngqibisa-2,mngqibisa
moena-2,moena
mohipra-2,mohipra
mohisina-2,mohisina
mokshara-2,mokshara
monahpriya-2,monahpriya
monea-2,monea
montray-2,montray
moonnie-2,moonnie
moricoria-2,moricoria
moryah-2,moryah
moryeane-2,moryeane
motvane-2,motvane
mponela-2,mponela
mqchelle-2,mqchelle
mrithya-2,mrithya
mrntla-2,mrntla
munfarra-2,munfarra
muttiya-2,muttiya
myel-2,myel
mylea-2,mylea
myonna-2,myonna
myrla-2,myrla
mzinzila-2,mzinzila
naama-2,naama
naarwie-2,naarwie
naava-2,naava
nabisha-2,nabisha
nada-4,nada
nadia-5,nadia
nadilyn-2,nadilyn
nadja-2,nadja
nagamithra-2,nagamithra
nagashourya-2,nagashourya
naina-2,naina
naishana-2,naishana
naisola-2,naisola
namasaya-2,namasaya
namiko-2,namiko
namontiana-2,namontiana
namyah-2,namyah
nanea-2,nanea
nasima-2,nasima
nasiya-2,nasiya
nasly-2,nasly
nastadina-2,nastadina
natahlia-2,natahlia
natalyn-2,natalyn
natlie-2,natlie
navashina-2,navashina
navilya-2,navilya
nawzila-2,nawzila
nayelis-2,nayelis
nayely-2,nayely
naylah-2,naylah
nayra-2,nayra
nayvi-2,nayvi
ncila-2,ncila
neena-2,neena
nelebrie-2,nelebrie
nemia-cristina-2,nemia-cristina
nereyda-2,nereyda
nethsara-2,nethsara
neviya-2,neviya
nexandra-2,nexandra
neyansh-2,neyansh
nezlina-2,nezlina
ngwna-2,ngwna
niapara-2,niapara
niavi-2,niavi
nickolai-2,nickolai
niiara-2,niiara
nikaela-2,nikaela
nikolette-2,nikolette
nimsi-2,nimsi
nishaan-2,nishaan
nitra-2,nitra
nividita-2,nividita
nkwanyana-2,nkwanyana
nocane-2,nocane
nokmey-2,nokmey
norabelle-2,norabelle
norsabarina-2,norsabarina
norviana-2,norviana
nouhayla-2,nouhayla
nowsheen-zehra-2,nowsheen-zehra
nujayra-2,nujayra
numira-2,numira
nydra-2,nydra
nyles-2,nyles
nyrmala-2,nyrmala
ochoniya-2,ochoniya
oksana-2,oksana
olgie-2,olgie
olidimana-2,olidimana
olisara-2,olisara
oliviyah-2,oliviyah
olwadamilola-2,olwadamilola
omolara-2,omolara
opera-2,opera
ophira-2,ophira
oprah-2,oprah
ora-2,ora
oretha-2,oretha
oshadie-2,oshadie
ostoliya-2,ostoliya
othara-2,othara
ouafila-2,ouafila
ouchithya-2,ouchithya
oxsla-2,oxsla
oyebosola-2,oyebosola
pairlee-2,pairlee
pallie-2,pallie
pamelia-2,pamelia
panchila-2,panchila
parneet-2,parneet
parudra-2,parudra
pasithelle-2,pasithelle
pathmapiriya-2,pathmapiriya
paula-4,paula
pearl-2,pearl
pechila-2,pechila
peterburgskaya-2,peterburgskaya
philomerra-2,philomerra
phinneas-2,phinneas
photey-2,photey
pialyn-2,pialyn
pihkala-2,pihkala
piya-2,piya
piyawalla-2,piyawalla
pokimane-2,pokimane
poll-2,poll
pranavsurya-2,pranavsurya
prashalie-2,prashalie
prazita-2,prazita
prezula-2,prezula
pria-2,pria
princi-2,princi
prindla-2,prindla
prithya-2,prithya
priyanvita-2,priyanvita
priyena-2,priyena
priyosmita-2,priyosmita
puhie-2,puhie
pukalya-2,pukalya
pulara-2,pulara
purnyatoya-2,purnyatoya
quanbelle-2,quanbelle
quardreana-2,quardreana
quenna-2,quenna
quinterelle-2,quinterelle
raahina-2,raahina
raam-2,raam
raanhya-2,raanhya
rachael-2,rachael
raddiya-2,raddiya
radhika-2,radhika
raelee-2,raelee
raen-2,raen
ragavignaya-2,ragavignaya
railey-2,railey
raiyn-2,raiyn
rajratna-2,rajratna
ramata-2,ramata
ramdassey-2,ramdassey
ramiya-2,ramiya
ramsheena-2,ramsheena
ramyah-2,ramyah
rand-2,rand
raphana-2,raphana
rashunda-2,rashunda
rashvitha-2,rashvitha
ravindrna-2,ravindrna
redusna-2,redusna
reeya-2,reeya
regine-3,regine
regna-2,regna
remaya-2,remaya
remer-2,remer
renate-2,renate
renisshaidra-2,renisshaidra
renuka-2,renuka
reveille-2,reveille
reviah-2,reviah
revy-2,revy
rexene-2,rexene
reyana-2,reyana
rezbana-2,rezbana
rhaelyn-2,rhaelyn
rhanyra-2,rhanyra
rhondia-2,rhondia
rsi-2,rsi
ridhira-2,ridhira
rihan-3,rihan
riliane-2,riliane
rindhiya-2,rindhiya
rinley-2,rinley
rinshana-2,rinshana
rinsiya-2,rinsiya
riott-2,riott
rishendara-2,rishendara
riskiana-2,riskiana
rissa-2,rissa
ritilla-2,ritilla
rivanya-2,rivanya
rivky-2,rivky
rivyella-2,rivyella
riyah-2,riyah
rizvina-2,rizvina
roatheey-2,roatheey
rodeidra-2,rodeidra
rofaila-2,rofaila
rogemie-2,rogemie
rokeira-2,rokeira
rolen-2,rolen
romi-2,romi
romonnie-2,romonnie
romoura-2,romoura
rosalina-2,rosalina
rosaria-2,rosaria
rosezella-2,rosezella
rosita-2,rosita
rosmiya-2,rosmiya
royelle-2,royelle
rruella-2,rruella
rudhanya-2,rudhanya
rueya-2,rueya
ruweyda-2,ruweyda
ruxshana-2,ruxshana
ryer-2,ryer
rykar-2,rykar
sabra-2,sabra
sachiendra-2,sachiendra
safra-2,safra
saga-3,saga
sahanya-2,sahanya
sahbura-2,sahbura
saige-2,saige
sairah-2,sairah
saithra-2,saithra
saliha-2,saliha
saliyah-2,saliyah
samadhie-2,samadhie
samaita-2,samaita
samanvitha-2,samanvitha
samasya-2,samasya
samellya-2,samellya
samihara-2,samihara
samraana-2,samraana
samyah-2,samyah
samyavrita-2,samyavrita
sanda-2,sanda
sandhera-2,sandhera
sandibel-2,sandibel
sanjanasri-2,sanjanasri
sanzaara-2,sanzaara
saphire-2,saphire
sargun-2,sargun
sarita-2,sarita
sarnila-2,sarnila
sarveena-2,sarveena
satura-2,satura
savasana-2,savasana
sayana-2,sayana
sayora-2,sayora
scarlytt-2,scarlytt
sebella-2,sebella
seldrina-2,seldrina
selika-2,selika
selva-mary-2,selva-mary
senjana-2,senjana
seriliya-2,seriliya
seide-2,seide
sevanna-2,sevanna
seydoukoita-2,seydoukoita
shaahna-2,shaahna
shafiera-2,shafiera
shalyn-2,shalyn
shamshie-2,shamshie
shanti-2,shanti
shareena-2,shareena
sharnise-2,sharnise
sharunya-2,sharunya
shastity-2,shastity
shavina-2,shavina
shavonna-2,shavonna
shawnna-2,shawnna
shazmiya-2,shazmiya
shephra-2,shephra
shielanie-2,shielanie
shilynn-2,shilynn
shinelle-2,shinelle
shiqwara-2,shiqwara
shirli-2,shirli
shivaprya-2,shivaprya
shreshta-2,shreshta
shreyan-2,shreyan
shrinika-2,shrinika
shritha-2,shritha
shruti-2,shruti
shuntay-2,shuntay
sierah-2,sierah
siham-2,siham
simisola-2,simisola
siomara-2,siomara
sithara-2,sithara
skylee-2,skylee
skylett-2,skylett
sofya-2,sofya
soleil-2,soleil
solomiya-2,solomiya
sonia-5,sonia
so-young-2,so-young
sritha-2,sritha
stanislava-3,stanislava
star-2,star
staria-2,staria
starly-2,starly
starrla-2,starrla
stefka-2,stefka
stellamaris-2,stellamaris
stephanie-3,stephanie
summerlyn-2,summerlyn
sunisa-2,sunisa
sunjai-2,sunjai
svetla-2,svetla
sydonia-2,sydonia
syeira-2,syeira
sylvia-3,sylvia
taiden-2,taiden
tailey-2,tailey
taimane-2,taimane
tamah-2,tamah
tamarind-2,tamarind
tanae-2,tanae
tanaya-2,tanaya
tanganika-2,tanganika
tany-2,tany
tarna-2,tarna
tayna-3,tayna
tazanna-2,tazanna
tenley-2,tenley
teriah-2,teriah
terilynn-2,terilynn
terrea-2,terrea
tessie-2,tessie
thaddius-2,thaddius
theda-2,theda
thelma-2,thelma
thereasa-2,thereasa
timika-2,timika
tobechi-2,tobechi
toleen-2,toleen
tomekia-2,tomekia
tondelayo-2,tondelayo
toretto-2,toretto
torvi-2,torvi
tracie-2,tracie
trayana-2,trayana
treden-2,treden
trew-2,trew
trilba-2,trilba
trinity-2,trinity
tristy-2,tristy
trona-2,trona
tugba-2,tugba
tula-3,tula
turquoise-2,turquoise
twylia-2,twylia
tyche-2,tyche
tyliah-2,tyliah
tylie-2,tylie
tynlee-2,tynlee
tyonna-2,tyonna
tzipporah-2,tzipporah
tzippy-2,tzippy
ulysess-2,ulysess
urta-2,urta
vaia-2,vaia
vaidehi-2,vaidehi
valdine-2,valdine
valeska-2,valeska
vanille-2,vanille
varinia-2,varinia
vasti-2,vasti
veena-2,veena
velouria-2,velouria
venicia-3,venicia
veranda-2,veranda
vernika-2,vernika
viliami-2,viliami
vitani-2,vitani
vivienna-2,vivienna
viya-2,viya
walcie-2,walcie
wynnette-2,wynnette
xylina-2,xylina
xzavian-2,xzavian
yafa-2,yafa
yaiden-2,yaiden
yamilet-3,yamilet
yanelly-2,yanelly
yanely-2,yanely
yania-2,yania
yennifer-2,yennifer
yomar-2,yomar
yovanni-2,yovanni
yudith-2,yudith
yuliana-2,yuliana
yunet-2,yunet
yuvonne-2,yuvonne
yvonne-2,yvonne
zabrina-2,zabrina
zahrah-2,zahrah
zaidee-2,zaidee
zalie-2,zalie
zamier-2,zamier
zaya-2,zaya
zayer-2,zayer
zaylan-2,zaylan
zayvin-2,zayvin
zendayah-2,zendayah
zenona-2,zenona
zeppelyn-2,zeppelyn
zerlina-2,zerlina
zianne-2,zianne
zilla-2,zilla
zunaira-2,zunaira
zynique-2,zynique
adamer-2,adamer
age-3,age
agir-2,agir
apollodor-2,apollodor
aria-2-2,aria-2
arvids-2,arvids
isaia-2,isaia
basil-2,basil
carol-2-2,carol-2
celio-2,celio
chila-2,chila
camil-2,camil
dado-2,dado
dogu-2,dogu
donco-2,donco
donne-2,donne
esref-2,esref
edmilson-2,edmilson
elieser-4,elieser
erico-2,erico
fatin-2,fatin
gabriyel-2,gabriyel
ganimedes-2,ganimedes
gavriel-2,gavriel
gudvin-2,gudvin
gunnr-2,gunnr
horatiu-2,horatiu
lo-2,lo
nio-3,nio
ilmars-2,ilmars
isaja-2,isaja
ivo-2,ivo
jel-2,jel
jonas-2-2,jonas-2
karale-2,karale
kristians-2,kristians
laudemier-2,laudemier
lauriano-2,lauriano
laxman-vadher-2,laxman-vadher
layleen-2,layleen
lenny-2,lenny
lieyan-2,lieyan
likitesh-2,likitesh
likshan-2,likshan
lithyan-2,lithyan
livanathan-2,livanathan
livitous-2,livitous
lossier-2,lossier
lourgiel-2,lourgiel
lucarion-2,lucarion
luk-2,luk
lvcifer-2,lvcifer
lyniel-2,lyniel
lywel-2,lywel
maewyn-2,maewyn
magcayan-2,magcayan
mahadeven-2,mahadeven
mahkron-2,mahkron
mahten-2,mahten
maqeel-2,maqeel
marak-2,marak
marcellia-3,marcellia
marcoantonio-2,marcoantonio
margael-2,margael
margeris-2,margeris
markleon-2,markleon
marouene-2,marouene
martin-6,martin
martinez-2,martinez
maszel-2,maszel
mathniel-2,mathniel
mawuli-2,mawuli
maycon-2,maycon
mcchater-2,mcchater
mclarnon-2,mclarnon
mcniven-2,mcniven
mcpufferson-2,mcpufferson
mcternan-2,mcternan
meallan-3,meallan
meawen-2,meawen
meekhael-2,meekhael
meoliver-2,meoliver
meritorious-2,meritorious
merkur-2,merkur
meyer-2,meyer
mickaelen-2,mickaelen
midgarden-2,midgarden
miichen-2,miichen
mikaila-3,mikaila
milzon-2,milzon
misaron-2,misaron
mizyan-2,mizyan
mkhalan-2,mkhalan
moises-4,moises
moscorron-2,moscorron
motiejus-2,motiejus
mownidharan-2,mownidharan
mritan-2,mritan
muhammad-irshath-2,muhammad-irshath
mujmurhan-2,mujmurhan
mutaaz-2,mutaaz
myoran-2,myoran
myrianthous-2,myrianthous
naagendran-2,naagendran
nabagatnan-2,nabagatnan
nafi-2,nafi
nalesnik-2,nalesnik
namjon-2,namjon
narendiren-2,narendiren
narith-2,narith
nebuer-2,nebuer
neehansh-2,neehansh
neethivendhan-2,neethivendhan
neeyan-2,neeyan
neidriel-2,neidriel
nelvistan-2,nelvistan
nemareen-2,nemareen
nemifon-2,nemifon
nervous-2,nervous
neuer-2,neuer
nibelungen-2,nibelungen
nikishkar-2,nikishkar
nikolas-2,nikolas
nikoleen-2,nikoleen
nimit-2,nimit
nippon-2,nippon
nitelier-2,nitelier
nivhan-2,nivhan
nivvieshen-2,nivvieshen
nivyan-2,nivyan
noddyger-2,noddyger
nofian-2,nofian
nosson-2,nosson
nujen-2,nujen
oblmason-2,oblmason
odacova-2,odacova
odeelen-2,odeelen
oliyan-2,oliyan
ondansertron-2,ondansertron
onemon-2,onemon
onwel-2,onwel
ophaniel-2,ophaniel
oraiffa-parveen-2,oraiffa-parveen
ornulf-3,ornulf
osamwonamen-2,osamwonamen
oshea-2,oshea
ostacian-2,ostacian
pacilatael-2,pacilatael
pacilius-2,pacilius
pager-2,pager
pakirthan-2,pakirthan
panjalan-2,panjalan
panzer-2,panzer
parinan-2,parinan
partaker-2,partaker
pathamasukon-2,pathamasukon
paxziel-2,paxziel
payer-2,payer
payshon-2,payshon
pel-2,pel
perttelinen-2,perttelinen
phaederus-2,phaederus
pherian-2,pherian
philosopher-2,philosopher
pieren-2,pieren
pinoon-2,pinoon
pisston-2,pisston
pleiwon-2,pleiwon
pollution-2,pollution
polysemous-2,polysemous
poofter-2,poofter
poopel-2,poopel
poppy-jasper-2,poppy-jasper
portiler-2,portiler
potion-2,potion
pranzel-2,pranzel
prarunik-2,prarunik
prathishan-2,prathishan
preevan-2,preevan
prinolan-2,prinolan
prononciation-2,prononciation
protuition-2,protuition
prudhvinarayan-2,prudhvinarayan
publisher-2,publisher
qiuwon-2,qiuwon
quacius-2,quacius
quinmetrius-2,quinmetrius
quintamon-2,quintamon
qwannel-2,qwannel
rafter-2,rafter
rashdhan-2,rashdhan
ravi-narayan-2,ravi-narayan
reebon-2,reebon
regton-2,regton
rehan-2,rehan
renta-2,renta
rhialiel-2,rhialiel
ricoleen-2,ricoleen
ridhyan-2,ridhyan
ridvan-2,ridvan
riedewaan-2,riedewaan
rienadel-2,rienadel
riftan-2,riftan
righter-2,righter
rihard-2,rihard
riizwan-2,riizwan
rmey-2,rmey
roedeiger-2,roedeiger
romance-2,romance
rouser-2,rouser
rowneill-2,rowneill
roxberton-2,roxberton
royuon-2,royuon
ryunosuke-2,ryunosuke
sahariel-2,sahariel
salian-2,salian
salustio-2,salustio
salvian-2,salvian
sameera-3,sameera
samier-2,samier
samixaben-2,samixaben
sandalphon-2,sandalphon
sankarivel-2,sankarivel
santhanaselvan-2,santhanaselvan
santhiragasan-2,santhiragasan
sanvihan-2,sanvihan
sappoon-2,sappoon
saqr-2,saqr
sarafdeen-2,sarafdeen
sarithiel-2,sarithiel
saser-2,saser
sasticharan-2,sasticharan
satinobus-2,satinobus
savas-2,savas
scan-2,scan
schachmiran-2,schachmiran
schnedhuber-2,schnedhuber
schrewniel-2,schrewniel
sebastjon-2,sebastjon
sedhan-2,sedhan
seer-2,seer
sendmen-2,sendmen
sengthawan-2,sengthawan
sentinel-2,sentinel
seohyeon-2,seohyeon
sephael-2,sephael
serkan-2,serkan
sevirous-2,sevirous
shaagan-2,shaagan
shahabas-2,shahabas
shahm-2,shahm
shakapthan-2,shakapthan
shaken-2,shaken
shaofiel-2,shaofiel
sharpnel-2,sharpnel
sharvaan-2,sharvaan
shivadheer-2,shivadheer
sholom-2,sholom
sigfred-2,sigfred
sirri-3,sirri
slavia-2,slavia
tajion-2,tajion
talim-2,talim
tannon-2,tannon
tarr-2,tarr
tavari-2,tavari
telmo-2,telmo
temani-2,temani
terrence-2,terrence
teyo-2,teyo
tho-4,tho
tolly-2,tolly
tomas-8,tomas
tumi-2,tumi
turbo-2,turbo
tyrec-2,tyrec
uygun-2,uygun
valr-2,valr
vin-2,vin
vitali-2,vitali
vitalia-4,vitalia
wanyae-2,wanyae
warsame-2,warsame
yakob-2,yakob
yediael-2,yediael
yehuda-2,yehuda
yidel-2,yidel
yoenis-2,yoenis
young-nam-2,young-nam
yushin-2,yushin
zaed-2,zaed
zakarie-2,zakarie
zarar-2,zarar
zdzislaw-2,zdzislaw
zedd-2,zedd
zyquan-2,zyquan
alfons-2,alfons
alpha-2,alpha
andy-2,andy
anton-4,anton
baruch-2,baruch
chance-2,chance
christopher-2,christopher
danial-2,danial
daniel-7,daniel
danila-3,danila
dan-5,dan
drew-2,drew
emilian-2,emilian
ene-2,ene
ephrem-2,ephrem
ezra-3,ezra
giovanni-2,giovanni
guy-3,guy
indri-2,indri
isam-2,isam
jaheim-2,jaheim
jama-2,jama
johann-3,johann
jonah-2,jonah
julio-5,julio
kristin-3,kristin
may-2,may
min-young-2,min-young
remigio-2,remigio
ronell-2,ronell
rorik-2,rorik
rylin-2,rylin
sadiq-3,sadiq
safaa-3,safaa
sahir-2,sahir
salimah-2,salimah
sarang-2,sarang
savion-2,savion
scotland-2,scotland
sedrick-2,sedrick
serafin-3,serafin
seraphim-2,seraphim
shamar-2,shamar
sharry-2,sharry
shayden-2,shayden
sheppard-2,sheppard
shia-3,shia
shine-2,shine
shiori-2,shiori
sid-2,sid
sifa-3,sifa
sina-2,sina
sione-2,sione
sire-2,sire
sparrow-2,sparrow
stacie-2,stacie
steph-2,steph
stephen-3,stephen
sublime-2,sublime
sufyan-3,sufyan
sung-hyun-2,sung-hyun
tawanda-2,tawanda
tayshaun-2,tayshaun
ted-2,ted
teigan-2,teigan
texas-2,texas
thorin-2,thorin
tilton-2,tilton
timofey-2,timofey
tiya-2,tiya
torey-2,torey
torrin-2,torrin
tracy-2,tracy
tremayne-2,tremayne
tuan-4,tuan
tumenbayar-2,tumenbayar
tun-2,tun
tycho-2,tycho
tyrik-2,tyrik
ugonna-2,ugonna
ulus-2,ulus
varun-3,varun
vernell-2,vernell
vicenzo-2,vicenzo
vincenzo-3,vincenzo
vinton-2,vinton
wilson-3,wilson
woody-2,woody
yali-3,yali
yanni-2,yanni
yarrow-2,yarrow
yimi-2,yimi
yul-2,yul
zakariyya-2,zakariyya
zamzam-2,zamzam
zayaan-2,zayaan
zekai-2,zekai
zen-3,zen
zhane-2,zhane
zoie-2,zoie
zoltan-3,zoltan
zyrus-2,zyrus
aeetes-2,aeetes
aeilaeifr-2,aeilaeifr
jsef-2,jsef
lashawn-2,lashawn
aadhira-2,aadhira
aadit-2,aadit
aalam-2,aalam
aavi-2,aavi
abiona-2,abiona
abisai-2,abisai
abisha-2,abisha
adal-2,adal
adedoyin-2,adedoyin
adonis-5,adonis
afton-2,afton
ahaan-2,ahaan
ajax-3,ajax
aleister-2,aleister
alexzander-2,alexzander
alon-3,alon
alter-3,alter
amary-2,amary
amirii-2,amirii
ammanuel-2,ammanuel
amogh-2,amogh
anaias-2,anaias
anatoli-3,anatoli
andri-3,andri
ankur-2,ankur
anthonee-2,anthonee
antolin-3,antolin
antone-3,antone
antwon-2,antwon
anubis-2,anubis
arav-2,arav
araz-2,araz
arhan-2,arhan
ariaan-2,ariaan
arkin-2,arkin
arto-2,arto
artur-3,artur
arye-2,arye
asahel-2,asahel
ashtian-2,ashtian
asuka-2,asuka
aubrieana-2,aubrieana
audun-3,audun
aviram-2,aviram
avriel-2,avriel
axil-2,axil
ayden-3,ayden
benet-2,benet
beniamin-2,beniamin
benny-2,benny
billee-2,billee
bintu-2,bintu
blakely-2,blakely
boudica-2,boudica
bradyn-2,bradyn
brantleigh-2,brantleigh
brentin-2,brentin
brian-3,brian
brinklee-2,brinklee
brittlyn-2,brittlyn
broderik-2,broderik
brycen-2,brycen
caesar-3,caesar
calvyn-2,calvyn
camdin-2,camdin
camey-2,camey
carie-2,carie
carolynne-2,carolynne
carrick-2,carrick
castor-4,castor
catey-2,catey
caulder-2,caulder
chang-2,chang
chavi-2,chavi
chibueze-2,chibueze
christana-2,christana
christionna-2,christionna
chryssa-2,chryssa
claydon-2,claydon
clotilde-2,clotilde
colbey-2,colbey
coleson-2,coleson
colyn-2,colyn
creedon-2,creedon
cristobal-3,cristobal
dafnee-2,dafnee
danela-2,danela
dann-3,dann
danzig-2,danzig
darvin-2,darvin
dason-2,dason
deangela-2,deangela
deeann-2,deeann
delissa-2,delissa
delvonte-2,delvonte
demarquis-2,demarquis
deontray-2,deontray
dereck-3,dereck
derreon-2,derreon
deuel-2,deuel
deva-2,deva
devion-2,devion
devynne-2,devynne
dhaval-2,dhaval
dilon-2,dilon
dionysus-2,dionysus
diovanni-2,diovanni
dodger-2,dodger
donielle-2,donielle
dorothe-3,dorothe
dorrie-2,dorrie
dria-3,dria
duke-2,duke
dylin-2,dylin
eagan-2,eagan
easton-2,easton
eh-2,eh
eissa-2,eissa
elena-6,elena
elishka-2,elishka
ellieanne-2,ellieanne
elliston-2,elliston
elori-2,elori
elsha-2,elsha
elyne-3,elyne
elzie-2,elzie
emeric-3,emeric
endrik-2,endrik
enso-2,enso
erasto-2,erasto
erblin-2,erblin
esequiel-2,esequiel
evans-2,evans
everleigh-2,everleigh
ezrajames-2,ezrajames
festus-2,festus
finn-4,finn
floyd-2,floyd
frasier-2,frasier
frida-4,frida
gael-4,gael
gana-2,gana
garang-2,garang
garret-2,garret
garson-2,garson
gavriel-4,gavriel
gervonta-2,gervonta
goldi-2,goldi
govinda-2,govinda
graci-2,graci
grisham-2,grisham
gyda-3,gyda
henry-3,henry
hagan-2,hagan
harold-2,harold
hatty-2,hatty
hawraa-2,hawraa
hayle-2,hayle
healy-2,healy
henry-4,henry
hershy-3,hershy
hilton-2,hilton
horatio-2,horatio
howard-2,howard
huai-2,huai
iban-3,iban
ibtihal-2,ibtihal
iggy-2,iggy
ila-2,ila
ilean-2,ilean
ilyass-2,ilyass
immer-2,immer
indra-2,indra
inga-4,inga
isabeli-2,isabeli
ismoil-2,ismoil
iyan-3,iyan
jacobus-2,jacobus
jacqlyn-2,jacqlyn
jaeon-2,jaeon
jaimelynn-2,jaimelynn
jamille-2,jamille
jamin-2,jamin
jamison-2,jamison
janiqua-2,janiqua
jannell-2,jannell
jarret-2,jarret
javionna-2,javionna
jaydalee-2,jaydalee
jelisa-3,jelisa
jennine-2,jennine
jepson-2,jepson
jhonatan-2,jhonatan
jiraiya-2,jiraiya
joane-3,joane
jonalyn-2,jonalyn
jordie-2,jordie
joren-3,joren
jorrell-2,jorrell
josedavid-2,josedavid
josel-2,josel
josephene-3,josephene
juancamilo-2,juancamilo
julia-7,julia
julyen-2,julyen
kaede-2,kaede
kaedynce-2,kaedynce
kaitlan-2,kaitlan
kaitly-2,kaitly
kalai-3,kalai
kalia-3,kalia
lander-2,lander
romulo-3,romulo
sha-3,sha
kamalani-2,kamalani
kandee-2,kandee
karcyn-2,karcyn
karlia-2,karlia
katie-4,katie
kecia-2,kecia
keenon-2,keenon
kelcy-2,kelcy
kemar-2,kemar
kemuel-3,kemuel
kendry-2,kendry
kennan-2,kennan
kenrick-2,kenrick
keo-2,keo
khoury-2,khoury
kieron-2,kieron
kijani-2,kijani
kirstyn-2,kirstyn
kirt-2,kirt
klever-2,klever
knoxx-2,knoxx
korby-2,korby
kotryna-2,kotryna
kristen-3,kristen
kwamaine-2,kwamaine
kylie-3,kylie
lazar-4,lazar
lecia-2,lecia
leigh-2,leigh
leonid-2,leonid
leroy-3,leroy
lev-3,lev
linnea-3,linnea
lisabeth-2,lisabeth
lisbella-2,lisbella
louann-3,louann
loulou-2,loulou
maclovio-2,maclovio
madlen-2,madlen
madrona-2,madrona
mads-2,mads
makailah-2,makailah
makya-3,makya
malakia-2,malakia
maliki-2,maliki
manasvini-2,manasvini
manavi-2,manavi
mandi-2,mandi
marijo-4,marijo
markael-2,markael
markess-2,markess
matigan-2,matigan
matison-2,matison
maxeen-2,maxeen
maybellene-2,maybellene
mccartney-3,mccartney
mehvish-2,mehvish
meladee-2,meladee
merlin-3,merlin
merline-2,merline
mery-3,mery
michal-6,michal
micheal-5,micheal
miki-2,miki
min-3,min
montae-3,montae
moo-3,moo
mugdha-2,mugdha
naaman-2,naaman
naing-2,naing
natanya-2,natanya
naty-2,naty
neely-2,neely
nehorai-2,nehorai
nevo-2,nevo
nhan-4,nhan
nian-2,nian
nihad-2,nihad
nikia-2,nikia
nischal-2,nischal
nissan-2,nissan
nisson-2,nisson
noy-2,noy
omair-2,omair
omarr-2,omarr
oryon-2,oryon
osei-2,osei
osman-2,osman
otis-2,otis
patrycja-2,patrycja
payzlee-3,payzlee
pierceson-2,pierceson
piero-2,piero
pooja-2,pooja
praxton-2,praxton
prerana-2,prerana
priest-2,priest
priscella-2,priscella
quintarius-2,quintarius
raevon-2,raevon
rafal-4,rafal
rajab-2,rajab
ran-3,ran
ransome-2,ransome
rashi-2,rashi
revati-2,revati
reyn-2,reyn
reynaldo-2,reynaldo
rhyley-2,rhyley
riannon-2,riannon
rich-2,rich
rigved-2,rigved
rihaan-2,rihaan
rilie-2,rilie
rip-2,rip
rosemae-2,rosemae
rumina-2,rumina
ruth-4,ruth
ryoko-3,ryoko
sabia-2,sabia
sandrina-2,sandrina
savvas-2,savvas
sefton-2,sefton
seija-2,seija
serafino-2,serafino
sharayah-2,sharayah
shevon-2,shevon
shibani-2,shibani
silviana-2,silviana
snowden-2,snowden
sofee-2,sofee
sotera-2,sotera
subhaan-2,subhaan
sukayna-2,sukayna
sulaiman-3,sulaiman
suman-3,suman
tabata-2,tabata
talbot-2,talbot
tallis-2,tallis
tamas-3,tamas
tamyra-2,tamyra
telena-2,telena
telma-2,telma
therron-2,therron
tidiane-2,tidiane
tiwalade-2,tiwalade
torra-2,torra
tushar-2,tushar
uli-2,uli
urmila-2,urmila
venkat-2,venkat
vikas-2,vikas
vildan-2,vildan
wanderlei-2,wanderlei
yanelys-2,yanelys
yanko-2,yanko
yeshi-2,yeshi
yohanny-2,yohanny
yolaine-2,yolaine
yolotzin-2,yolotzin
yonason-2,yonason
yuriy-2,yuriy
zakhia-2,zakhia
